{"max_magnitude": {"mean": 50.78464376861471, "std": 16.558837822777868}, "total_gain_db": {"mean": 75.86199259195568, "std": 15.77853998557663}, "base_pwr_db": {"mean": 385.0045993552243, "std": 12.272371528843017}, "rssi": {"mean": 12.842663345035056, "std": 11.964915218818575}, "relpwr_db": {"mean": 12.36793137796931, "std": 6.055192912455047}, "avgpwr_db": {"mean": 56.925504296518184, "std": 3.2549678917235876}, "snr": {"mean": 22.692933196474144, "std": 17.174835338361035}, "cnr": {"mean": 114.98033696248983, "std": 11.292458336682108}, "pn": {"mean": -20.499613573326023, "std": 13.019257110278453}, "ssi": {"mean": 0.47473196706575504, "std": 11.274506151616603}, "pd": {"mean": 328.07909505870674, "std": 12.872373757245409}, "sinr": {"mean": 0.47473196706575504, "std": 11.274506151616603}, "sir": {"mean": -50.65139786895138, "std": 28.840801934589205}, "mr": {"mean": 0.8942379309147076, "std": 0.29471603257470597}, "pr": {"mean": 0.14801773058241488, "std": 0.009815975642680342}}