{"max_magnitude": {"mean": 50.626502714571544, "std": 18.386339105217004}, "total_gain_db": {"mean": 80.50944853725223, "std": 9.266535063558495}, "base_pwr_db": {"mean": 381.2305946880669, "std": 6.8584822853559055}, "rssi": {"mean": 7.817800821543816, "std": 5.6432865015673075}, "relpwr_db": {"mean": 10.376831381439052, "std": 5.17583952690499}, "avgpwr_db": {"mean": 55.68601762996563, "std": 4.062705813805453}, "snr": {"mean": 25.248018421896916, "std": 7.992775365502564}, "cnr": {"mean": 110.90897528914063, "std": 5.222266569682191}, "pn": {"mean": -20.629479339443268, "std": 6.037589602063894}, "ssi": {"mean": -2.5590305598952257, "std": 6.593386008529369}, "pd": {"mean": 325.5445770581008, "std": 10.278991161239661}, "sinr": {"mean": -2.5590305598952257, "std": 6.593386008529369}, "sir": {"mean": -62.31481633426947, "std": 15.395822738662165}, "mr": {"mean": 0.9167207831797661, "std": 0.3533305059326515}, "pr": {"mean": 0.1462572679833254, "std": 0.012552587245045266}}