{"max_magnitude": {"mean": 401.61184944472836, "std": 377.4083790808505}, "total_gain_db": {"mean": 74.10723697060295, "std": 13.441146165877626}, "base_pwr_db": {"mean": 386.5826176062702, "std": 13.397444619796664}, "rssi": {"mean": 13.776332782994782, "std": 13.56190831695906}, "relpwr_db": {"mean": 12.165181162956696, "std": 6.739323200148658}, "avgpwr_db": {"mean": 0.9904738536948746, "std": 68.94292384935854}, "snr": {"mean": 35.60415536958017, "std": 13.801698503504362}, "cnr": {"mean": 115.95058447998252, "std": 14.478081562682162}, "pn": {"mean": -8.739755427020077, "std": 9.764917269030972}, "ssi": {"mean": 1.6111516200380693, "std": 13.7565589021098}, "pd": {"mean": 385.5921437525751, "std": 64.3686573320313}, "sinr": {"mean": 1.6111516200380693, "std": 13.7565589021098}, "sir": {"mean": -48.165723024651534, "std": 28.561266472601893}, "mr": {"mean": -3.8875482781557276, "std": 6.0572913989733745}, "pr": {"mean": 1.5072748714547074e-05, "std": 0.17885629791328708}}