{"max_magnitude": {"mean": 422.21078404992875, "std": 383.7240692048573}, "total_gain_db": {"mean": 76.22132903098121, "std": 9.499491733128899}, "base_pwr_db": {"mean": 384.45990937864246, "std": 9.46322039889025}, "rssi": {"mean": 11.59856865002574, "std": 9.55777874807313}, "relpwr_db": {"mean": 11.932924051488406, "std": 6.840852224351152}, "avgpwr_db": {"mean": -1.992910408957849, "std": 69.8239560936189}, "snr": {"mean": 36.34739335465223, "std": 13.805271009757893}, "cnr": {"mean": 113.76333982102342, "std": 10.904065563324355}, "pn": {"mean": -8.409797603448103, "std": 9.974149635446095}, "ssi": {"mean": -0.33435540146266635, "std": 10.841519549151332}, "pd": {"mean": 386.4528197876009, "std": 66.49368895077748}, "sinr": {"mean": -0.33435540146266635, "std": 10.841519549151332}, "sir": {"mean": -52.68983632946726, "std": 20.252353914522544}, "mr": {"mean": -4.502199891856332, "std": 6.4282970504547}, "pr": {"mean": -0.00699418635153384, "std": 0.18153784843209966}}